agent_id,task_amount_done,distance_moved
0,695.0,2093.5391205539554
1,386.0,2356.549635838099
2,510.0,2049.837283938524
3,626.0,2074.72174716173
4,822.0,2013.008940054177
5,765.0,1949.9274451997403
6,545.0,2113.0486784353293
7,544.0,2100.4367186507016
8,366.0,2226.4562712002626
9,556.0,2175.068515125262
